Perceuse percussion base - Prix ;315 €
Perceuse percussion medium - Prix ;449 €
Perceuse percussion premium - Prix ;499 €
Perceuse-visseuse sans fil - Prix ;177,50 €
Feu Tricolore - Prix ;1 024,00
Disqueuse basique - Prix ;199
Disqueuse premium - Prix ;239 €
Marteau piqueur medium - Prix ;2 290,00
Marteau piqueur premium - Prix ;2 690,00
Pancarte Travaux - Prix ;133 €
Boite de tournevis - Prix ;280 €
Boite  outils - Prix ;2 650,00
Pelle - Prix ;11 €
Pioche - Prix ;15 €
Boite de rallonges - Prix ;990 €
Silencieux pour MP - Prix ;880 €
Veste protection fluo - Prix ;55 €
